x,y,z,qx,qy,qz,qw
-0.2559933378929841,0.055016313463414346,-0.2535535377904523,0.5636332268983464,-0.5122161055755596,0.432271263413513,0.48279788892667036
