x,y,z,qx,qy,qz,qw
0.041271104329607594,-0.22365344450887142,-0.1654415899747651,0.5463925133822859,-0.5351115157850237,0.4529802804534905,0.45817000394430013
