,x,y,z,qx,qy,qz,qw
0,0.02430829259805921,-0.22624566993565853,-0.1640748943905629,0.5590555527533867,-0.5225994405915464,0.4598241626447999,0.45045360812964574
